query_id,question,answer,citations
1,What is the scientific method in psychology?,"The scientific method in psychology involves a process of testing ideas (theories and hypotheses) against the real world (empirical observations) through deductive and inductive reasoning [Source 1]. It starts with a generalization (hypothesis) that is tested against real-world observations through deductive reasoning, and then uses empirical observations to construct broad generalizations through inductive reasoning [Source 1]. The scientific method involves deriving hypotheses from theories and then testing those hypotheses, and if the results are consistent with the theory, then the theory is supported, and if the results are not consistent, then the theory should be modified and new hypotheses will be generated [Source 1]. In psychology, the scientific method is empirical, based on measurable data, and deals only with matter and energy, that is, those things that can be measured [Source 2].",[Source 1] | Chapter: Psychological Research | Section: 2.1 | Title: Why Is Research Important? || [Source 2] | Chapter: Introduction to Psychology | Section: 1.1 | Title: What Is Psychology?
2,What are the basic parts of a neuron?,"The basic parts of a neuron include the soma (or cell body), dendrites, axon, terminal buttons, and synaptic vesicles [Source 1]. The soma contains the nucleus of the neuron, while the dendrites serve as input sites where signals are received from other neurons. The axon is a major extension from the soma that ends at multiple terminal buttons, which contain synaptic vesicles that house neurotransmitters [Source 1].",[Source 1] | Chapter: Biopsychology | Section: 3.2 | Title: Cells of the Nervous System
3,What are the stages of sleep?,"The stages of sleep are characterized by different patterns of brain waves associated with each stage. Sleep can be divided into two general phases: REM sleep and non-REM (NREM) sleep. NREM sleep is subdivided into three stages distinguished from each other and from wakefulness by characteristic patterns of brain waves [Source 2]. The different stages of sleep are: 1) Stage 1: Alpha waves are replaced by theta waves as a person transitions from being awake to falling asleep. 2) Stage 2: Sleep spindles and K-complexes emerge. 3) Stage 3 and Stage 4: Described as slow-wave sleep that is marked by a predominance of delta waves. 4) REM sleep: Involves rapid movements of the eyes, paralysis of voluntary muscles, and dreaming [Source 1].",[Source 1] | Chapter: States of Consciousness | Section: 4.3 | Title: Stages of Sleep || [Source 2] | Chapter: States of Consciousness | Section: 4.3 | Title: Stages of Sleep
4,What is operant conditioning?,Operant conditioning is a form of learning in which the motivation for a behavior happens after the behavior is demonstrated. An animal or a human receives a consequence after performing a specific behavior. The consequence is either a reinforcer or a punisher. All reinforcement (positive or negative) increases the likelihood of a behavioral response. All punishment (positive or negative) decreases the likelihood of a behavioral response [Source 1].,[Source 1] | Chapter: Learning | Section: 6.3 | Title: Operant Conditioning
5,What is problem-solving in psychology?,"Problem-solving in psychology refers to the process of identifying and applying a plan of action to find a solution to a problem. It involves breaking down a complex problem into smaller steps, using various strategies such as trial and error, algorithms, and heuristics, and overcoming roadblocks like mental set, functional fixedness, and biases [Source 1]. A problem-solving strategy is a plan of action used to find a solution, and different strategies have different action plans associated with them [Source 2].",[Source 1] | Chapter: Thinking and Intelligence | Section: 7.3 | Title: Problem Solving || [Source 2] | Chapter: Thinking and Intelligence | Section: 7.3 | Title: Problem Solving
6,What are the three stages of memory?,"The three stages of memory are: Sensory Memory, Short-Term Memory, and Long-Term Memory [Source 1]. These stages were first proposed by Richard Atkinson and Richard Shiffrin (1968) in their model of human memory, called Atkinson and Shiffrin's model [Source 1].",[Source 1] | Chapter: Memory | Section: 8.1 | Title: How Memory Functions
7,What are the key components of emotion?,"The key components of emotion include subjective experience, expression, cognitive appraisal, and physiological responses [Source 2].",[Source 2] | Chapter: Motivation and Emotion | Section: 10.4 | Title: Emotion
8,What are the major personality traits in the Five Factor Model?,"The Five Factor Model, also known as the Big Five personality factors, includes five major personality traits: openness to experience, conscientiousness, extroversion, agreeableness, and neuroticism [Source 1]. These traits are relatively stable over our lifespan and have been shown to exist across ethnicities, cultures, and ages, with substantial biological and genetic components [Source 1].",[Source 1] | Chapter: Personality | Section: 11.7 | Title: Trait Theorists
9,What is social psychology?,"Social psychology is the subfield of psychology that studies the power of the situation to influence individuals' thoughts, feelings, and behaviors [Source 1]. It focuses on how we interact with and relate to others, and social psychologists conduct research on a wide variety of topics that include differences in how we explain our own behavior versus how we explain the behaviors of others, prejudice, and attraction, and how we resolve interpersonal conflicts [Source 3].",[Source 1] | Chapter: Social Psychology | Section: 12.1 | Title: What Is Social Psychology? || [Source 3] | Chapter: Introduction to Psychology | Section: 1.3 | Title: Contemporary Psychology
10,What is the sociocultural model in therapy?,"The sociocultural model in therapy is a perspective that looks at an individual, their behaviors, and their symptoms in the context of their culture and background [Source 1]. It integrates cultural and religious beliefs into the therapeutic process, and clinicians using this approach must develop cultural competence, which means they must understand and address issues of race, culture, and ethnicity [Source 2]. This therapeutic perspective integrates the impact of cultural and social norms, starting at the beginning of treatment, and therapists work with clients to obtain and integrate information about their cultural patterns into a unique treatment approach based on their particular situation [Source 2].",[Source 1] | Chapter: Therapy and Treatment | Section: 16.5 | Title: The Sociocultural Model and Therapy Utilization || [Source 2] | Chapter: Therapy and Treatment | Section: 16.5 | Title: The Sociocultural Model and Therapy Utilization
11,What is the history of psychology?,"The history of psychology is a relatively young science with its experimental roots in the 19th century. Prior to the 19th century, issues related to the mind were explored in a philosophical context. Two 19th century scholars, Wilhelm Wundt and William James, are generally credited as being the founders of psychology as a science and academic discipline that was distinct from philosophy [Source 1]. The field of psychology has undergone several shifts in paradigms, including the influence of Freud, Gestalt psychology, behaviorism, humanism, and the cognitive revolution [Source 1]. Psychology became accepted as its own academic discipline in the late 1800s, after being considered under the auspices of philosophy [Source 2].",[Source 1] | Chapter: Introduction to Psychology | Section: 1.2 | Title: History of Psychology || [Source 2] | Chapter: Introduction to Psychology | Section: 1.1 | Title: What Is Psychology?
12,Who were Wilhelm Wundt and William James?,"Wilhelm Wundt and William James were two 19th-century scholars who are generally credited as being the founders of psychology as a science and academic discipline that was distinct from philosophy [Source 3]. Wundt was a German scientist who is considered the first person to be referred to as a psychologist, and he established the first laboratory for psychological research at the University at Leipzig in 1879 [Source 1]. He was a structuralist who believed that our cognitive experience was best understood by breaking that experience into its component parts through introspection [Source 2]. On the other hand, William James was the first American psychologist, and he was a proponent of functionalism, which focused on how mental activities served as adaptive responses to an organism's environment [Source 2].",[Source 1] | Chapter: Introduction to Psychology | Section: 1.2 | Title: History of Psychology || [Source 2] | Chapter: Introduction to Psychology | Section: 1.2 | Title: History of Psychology || [Source 3] | Chapter: Introduction to Psychology | Section: 1.2 | Title: History of Psychology
13,What is functionalism in psychology?,"Functionalism in psychology is a perspective that focuses on how mental activities help an organism adapt to its environment [Source 1]. It was established by William James, John Dewey, and Charles Sanders Peirce, who accepted Darwin's theory of evolution by natural selection and viewed this theory as an explanation of an organism's characteristics [Source 1]. Functionalism has a second, more subtle meaning in that functionalists were more interested in the operation of the whole mind rather than of its individual parts, which were the focus of structuralism [Source 1].",[Source 1] | Chapter: Introduction to Psychology | Section: 1.2 | Title: History of Psychology
14,What are Freud's contributions to psychology?,"Freud's contributions to psychology include the development of psychoanalytic theory, which focuses on the role of the unconscious mind and early childhood experiences in shaping behavior and personality [Source 2]. He also introduced the concept of the id, ego, and superego as components of personality [Source 1]. Additionally, Freud popularized the method of psychoanalysis, which involves the patient talking about their experiences and selves, and is still used today [Source 3]. His ideas about the importance of childhood experiences in adult motivations, the role of unconscious versus conscious motivations in driving our behavior, and the development of personality over time have been influential and have received subsequent research support [Source 3].",[Source 1] | Chapter: Personality | Section: 11.2 | Title: Freud and the Psychodynamic Perspective || [Source 2] | Chapter: Introduction to Psychology | Section: 1.2 | Title: History of Psychology || [Source 3] | Chapter: Introduction to Psychology | Section: 1.2 | Title: History of Psychology
15,What are Gestalt principles?,"Gestalt principles are a set of rules that describe how the brain organizes sensory information into meaningful perceptions. These principles include the figure-ground relationship, proximity, similarity, continuity (or good continuation), and closure. According to Gestalt psychologists, the brain creates a perception that is more than simply the sum of available sensory inputs, and it does so in predictable ways [Source 1]. Gestalt principles are used to help explain how we organize sensory information [Source 2].",[Source 1] | Chapter: Sensation and Perception | Section: 5.6 | Title: Gestalt Principles of Perception || [Source 2] | Chapter: Sensation and Perception | Section: 5.6 | Title: Gestalt Principles of Perception
16,What is classical conditioning?,"Classical conditioning is a type of associative learning in which organisms learn to associate events that repeatedly happen together, and researchers study how a reflexive response to a stimulus can be mapped to a different stimulus—by training an association between the two stimuli [Source 3].",[Source 3] | Chapter: Learning | Section: 6.2 | Title: Classical Conditioning
17,What are Skinner's contributions to behaviorism?,"B. F. Skinner's contributions to behaviorism include his research on operant conditioning, which focuses on how behavior is affected by its consequences, such as reinforcement and punishment [Source 2]. He developed the operant conditioning chamber, also known as the Skinner box, which is still widely used in research settings today [Source 2]. Skinner's work on operant conditioning has had a lasting influence in psychology, and his ideas on conditioned learning are still used in human behavioral modification [Source 2]. Additionally, Skinner's theory of operant conditioning is based on the law of effect, which states that behaviors that are followed by consequences that are satisfying to the organism are more likely to be repeated, and behaviors that are followed by unpleasant consequences are less likely to be repeated [Source 3].",[Source 2] | Chapter: Introduction to Psychology | Section: 1.2 | Title: History of Psychology || [Source 3] | Chapter: Learning | Section: 6.3 | Title: Operant Conditioning
18,What is Maslow's hierarchy of needs?,"Maslow's hierarchy of needs is a model that shows the relationship among multiple motives that range from lower-level physiological needs to the very high level of self-actualization. The hierarchy is often depicted as a pyramid, with physiological needs at the base, followed by basic needs for security and safety, the need to be loved and to have a sense of belonging, and the need to have self-worth and confidence. The top tier of the pyramid is self-actualization, which is a need that essentially equates to achieving one's full potential, and it can only be realized when needs lower on the pyramid have been met [Source 1].",[Source 1] | Chapter: Motivation and Emotion | Section: 10.1 | Title: Motivation
19,What is client-centered therapy?,"Client-centered therapy, also known as Rogerian therapy, is a form of humanistic therapy developed by Carl Rogers. It is a nondirective therapy approach where the therapist does not give advice or provide interpretations but helps the person to identify conflicts and understand feelings [Source 2]. The goal of client-centered therapy is to help people become more self-aware and accepting of themselves [Source 2]. In this type of therapy, the therapist uses techniques such as active listening, unconditional positive regard, genuineness, and empathy to help clients become more accepting of themselves [Source 2].",[Source 2] | Chapter: Therapy and Treatment | Section: 16.2 | Title: Types of Treatment
20,What is cognitive psychology?,"Cognitive psychology is the area of psychology that focuses on studying cognitions, or thoughts, and their relationship to our experiences and our actions [Source 1]. It is the field of psychology dedicated to examining how people think, attempting to explain how and why we think the way we do by studying the interactions among human thinking, emotion, creativity, language, and problem solving, in addition to other cognitive processes [Source 2].",[Source 1] | Chapter: Introduction to Psychology | Section: 1.3 | Title: Contemporary Psychology || [Source 2] | Chapter: Thinking and Intelligence | Section: 7.1 | Title: What Is Cognition?
21,What is developmental psychology?,"Developmental psychology is the scientific study of development across a lifespan. Developmental psychologists are interested in processes related to physical maturation, as well as changes in cognitive skills, moral reasoning, social behavior, and other psychological attributes [Source 1]. They view development as a lifelong process that can be studied scientifically across three developmental domains—physical, cognitive, and psychosocial development [Source 2].",[Source 1] | Chapter: Introduction to Psychology | Section: 1.3 | Title: Contemporary Psychology || [Source 2] | Chapter: Lifespan Developent | Section: 9.1 | Title: What Is Lifespan Development?
22,What is biopsychology?,"Biopsychology explores how our biology influences our behavior, specifically studying how the structure and function of the nervous system is related to behavior [Source 1]. It is a broad field that combines the research strategies of both psychologists and physiologists to accomplish this goal [Source 1].",[Source 1] | Chapter: Introduction to Psychology | Section: 1.3 | Title: Contemporary Psychology
23,What are evolutionary psychologists interested in?,"Evolutionary psychologists are interested in studying the ultimate biological causes of behavior, specifically how behaviors are impacted by genetics and have adapted to the physical and social environment [Source 1]. They seek to understand how universal patterns of behavior and cognitive processes have evolved over time, and how these patterns have contributed to the success of individuals in reproducing and passing on their genes to their offspring [Source 2]. Evolutionary psychologists study a variety of psychological phenomena that may have evolved as adaptations, including memory, mate choice, relationships between kin, friendship and cooperation, parenting, social organization, and status [Source 1].",[Source 1] | Chapter: Introduction to Psychology | Section: 1.3 | Title: Contemporary Psychology || [Source 2] | Chapter: Biopsychology | Section: 3.1 | Title: Human Genetics
24,What is sensation and perception?,"Sensation occurs when sensory receptors detect sensory stimuli [Source 1]. Perception involves the organization, interpretation, and conscious experience of those sensations [Source 1]. In other words, sensation is a physical process, whereas perception is psychological [Source 2]. For example, upon walking into a kitchen and smelling the scent of baking cinnamon rolls, the sensation is the scent receptors detecting the odor of cinnamon, but the perception may be ""Mmm, this smells like the bread Grandma used to bake when the family gathered for holidays."" [Source 2].",[Source 1] | Chapter: Sensation and Perception | Section: 5.1 | Title: Sensation versus Perception || [Source 2] | Chapter: Sensation and Perception | Section: 5.1 | Title: Sensation versus Perception
25,What is the difference between sensation and perception?,"The main difference between sensation and perception is that sensation is a physical process where sensory receptors detect sensory stimuli, whereas perception is a psychological process that involves the organization, interpretation, and conscious experience of those sensations [Source 1]. In other words, sensation is the detection of a stimulus, while perception is the interpretation of that stimulus. For example, when walking into a kitchen and smelling the scent of baking cinnamon rolls, the sensation is the scent receptors detecting the odor of cinnamon, but the perception may be ""Mmm, this smells like the bread Grandma used to bake when the family gathered for holidays"" [Source 1].",[Source 1] | Chapter: Sensation and Perception | Section: 5.1 | Title: Sensation versus Perception
26,What are Jean Piaget's theories of cognitive development?,"Jean Piaget's theory of cognitive development holds that our cognitive abilities develop through specific stages, which exemplifies the discontinuity approach to development [Source 1]. He proposed a theory of cognitive development that unfolds in four stages: sensorimotor, preoperational, concrete operational, and formal operational [Source 1]. Piaget also believed that children develop schemata to help them understand the world, and they adjust their schemata through two processes: assimilation and accommodation [Source 1]. Assimilation is when they take in information that is comparable to what they already know, and accommodation describes when they change their schemata based on new information [Source 1].",[Source 1] | Chapter: Lifespan Development | Section: 9.2 | Title: Lifespan Theories
27,What is object permanence?,"Object permanence refers to the understanding that physical things continue to exist, even if they are hidden from us [Source 1]. It is the understanding that even if something is out of sight, it still exists [Source 2].",[Source 1] | Chapter: Introduction to Psychology | Section: 1.3 | Title: Contemporary Psychology || [Source 2] | Chapter: Lifespan Development | Section: 9.2 | Title: Lifespan Theories
28,What is the role of neurotransmitters in psychology?,"Neurotransmitters play a crucial role in psychology as they are involved in various psychological processes, including memory, mood regulation, and emotional responses. Research has shown that specific neurotransmitters, such as epinephrine, dopamine, serotonin, glutamate, and acetylcholine, are involved in the process of memory [Source 1]. Neurotransmitters also play a key role in mood regulation, with imbalances in certain neurotransmitters, particularly norepinephrine and serotonin, contributing to mood disorders such as depression and bipolar disorder [Source 2]. Additionally, neurotransmitters are involved in emotional responses, with the release of neurotransmitters such as glutamate helping to strengthen memories of stressful events [Source 1]. Furthermore, psychotropic medications, which treat psychiatric symptoms by restoring neurotransmitter balance, are often used to treat psychological disorders [Source 3].",[Source 1] | Chapter: Memory | Section: 8.2 | Title: Parts of the Brain Involved with Memory || [Source 2] | Chapter: Psychological Disorders | Section: 15.7 | Title: Mood and Related Disorders || [Source 3] | Chapter: Biopsychology | Section: 3.2 | Title: Cells of the Nervous System
29,What is the Big Five personality trait model?,"The Big Five personality trait model is a widely accepted theory in personality psychology that proposes five broad dimensions of personality: openness to experience, conscientiousness, extroversion, agreeableness, and neuroticism [Source 1]. Each person has each factor, but they occur along a spectrum, and most people tend to lie somewhere midway along the continuum of each factor, rather than at polar ends [Source 1]. The Big Five factors are relatively stable over the lifespan, with some tendency for the factors to increase or decrease slightly [Source 1]. They have been shown to exist across ethnicities, cultures, and ages, and may have substantial biological and genetic components [Source 1]. The Big Five factors can be remembered using the mnemonic OCEAN [Source 1].",[Source 1] | Chapter: Personality | Section: 11.7 | Title: Trait Theorists
30,What are psychological disorders?,"Psychological disorders are conditions characterized by abnormal thoughts, feelings, and behaviors [Source 1]. According to the American Psychiatric Association, a psychological disorder, or mental disorder, is ""a syndrome characterized by clinically significant disturbance in an individual's cognition, emotion regulation, or behavior that reflects a dysfunction in the psychological, biological, or developmental processes underlying mental functioning"" [Source 2].",[Source 1] | Chapter: Psychological Disorders | Section: 15.1 | Title: What Are Psychological Disorders? || [Source 2] | Chapter: Psychological Disorders | Section: 15.1 | Title: What Are Psychological Disorders?
31,What is the DSM-5?,"The DSM-5 is the Diagnostic and Statistical Manual of Mental Disorders, Fifth Edition, published by the American Psychiatric Association (2013). It is a classification system used by most mental health professionals in the United States to diagnose and classify psychological disorders [Source 1]. The DSM-5 includes many categories of disorders, such as anxiety disorders, depressive disorders, and dissociative disorders, and provides detailed descriptions of each disorder, including diagnostic features, diagnostic criteria, prevalence information, and risk factors associated with the disorder [Source 1].",[Source 1] | Chapter: Psychological Disorders | Section: 15.2 | Title: Diagnosing and Classifying Psychological Disorders
32,What is the importance of ethics in psychological research?,"Ethics play a crucial role in psychological research as they ensure that researchers adhere to basic guidelines when conducting experiments involving human participants. This includes obtaining informed consent, minimizing harm, and avoiding deception unless it can be argued not to cause harm [Source 1]. The importance of ethics in psychological research is also highlighted by the development of guidelines that discourage the use of deception and require informed consent of participants, as seen in the case of Stanley Milgram's obedience study [Source 3]. Furthermore, ethics in research help prevent unnecessary duplication of research findings and ensure that each research article provides new information, as peer reviewers look for evidence that the research was conducted in an ethical manner [Source 2].",[Source 1] | Chapter: Psychological Research | Section: 2.4 | Title: Ethics || [Source 2] | Chapter: Psychological Research | Section: 2.3 | Title: Analyzing Findings || [Source 3] | Chapter: Introduction to Psychology | Section: 1.3 | Title: Contemporary Psychology
33,What is the cognitive revolution in psychology?,"The cognitive revolution in psychology refers to a shift in focus from behaviorism to the study of mental processes, such as thoughts, feelings, and perceptions. This movement emerged in the 1950s, influenced by new disciplinary perspectives in linguistics, neuroscience, and computer science. The cognitive revolution helped reestablish lines of communication between European and American psychologists and led to the development of cognitive psychology as a distinct area of study [Source 1].",[Source 1] | Chapter: Introduction to Psychology | Section: 1.2 | Title: History of Psychology
34,What is feminist psychology?,"Feminist psychology is an approach to psychology that attempts to be free of the influence of male cultural biases on our knowledge of the psychology of women. It involves re-evaluating and discovering the contributions of women to the history of psychology, studying psychological gender differences, and questioning the male bias present across the practice of the scientific approach to knowledge [Source 1].",[Source 1] | Chapter: Introduction to Psychology | Section: 1.2 | Title: History of Psychology
35,What is multicultural psychology?,"Multicultural psychology is a field of study that develops theories and conducts research with diverse populations, typically within one country, to understand the impact of culture on individuals, groups, and society [Source 1].",[Source 1] | Chapter: Introduction to Psychology | Section: 1.2 | Title: History of Psychology
36,What are the challenges of cross-cultural psychology?,"Cross-cultural psychology faces several challenges, including the issue of over-studying certain populations, such as WEIRD societies, and wrongly applying the results to non-WEIRD societies [Source 3]. Additionally, there are differences in perception, cooperation, and moral reasoning between people from different cultures and environments [Source 3]. Another challenge is the language and cultural barriers in testing, which can keep children from equal opportunities [Source 3]. Furthermore, cross-cultural psychology must consider the cultural validity of Western ideas about personality and whether they can be generalized to other cultures [Source 1].",[Source 1] | Chapter: Personality | Section: 11.8 | Title: Cultural Understandings of Personality || [Source 3] | Chapter: Introduction to Psychology | Section: 1.2 | Title: History of Psychology
37,What is stress in psychology?,"Stress in psychology is a process whereby an individual perceives and responds to events that they appraise as overwhelming or threatening to their well-being [Source 3]. It is a fairly vague concept that is difficult to define with precision, but it can be viewed as a stimulus-based definition, response-based definition, or a process-based definition. The process-based definition emphasizes the importance of how we appraise demanding or threatening events, which influence our reactions to such events [Source 3].","[Source 3] | Chapter: Stress, Lifestyle, and Health | Section: 14.1 | Title: What Is Stress?"
38,What are the stages of psychosexual development?,"The stages of psychosexual development, according to Freud, are oral, anal, phallic, latency, and genital [Source 1]. These stages are characterized by the child's pleasure-seeking urges, coming from the id, being focused on a different area of the body, called an erogenous zone [Source 1]. The stages are as follows: oral (0-1 year), anal (1-3 years), phallic (3-6 years), latency (6-12 years), and genital (12+ years) [Source 3].",[Source 1] | Chapter: Personality | Section: 11.2 | Title: Freud and the Psychodynamic Perspective || [Source 3] | Chapter: Personality | Section: 11.2 | Title: Freud and the Psychodynamic Perspective
39,What is the importance of replication in psychological research?,"Replication is crucial in psychological research as it ensures the legitimacy of published research findings. Successful replications provide more evidence to support the original research findings, making scientists more apt to adopt those findings [Source 2]. Replication also helps to prevent unnecessary duplication of research findings in the scientific literature and ensures that each research article provides new information [Source 2]. Furthermore, replication serves as a quality control mechanism, allowing poorly conceived or executed studies to be weeded out, and even well-designed research can be improved by the revisions suggested [Source 2].",[Source 2] | Chapter: Psychological Research | Section: 2.3 | Title: Analyzing Findings
40,What are different types of psychological therapies?,"There are several types of psychological therapies, including psychoanalysis, play therapy, behavior therapy, cognitive therapy, cognitive-behavioral therapy, and humanistic therapy [Source 1]. Psychoanalysis was developed by Sigmund Freud and focuses on uncovering repressed impulses or childhood trauma [Source 1]. Play therapy is a psychodynamic therapy technique often used with children, where children play out their hopes, fantasies, and traumas using dolls, stuffed animals, and sandbox figurines [Source 1]. Behavior therapy employs principles of learning from classical and operant conditioning to help clients change undesirable behaviors [Source 1]. Cognitive therapy focuses on how thoughts lead to feelings of distress, with the aim of helping clients change dysfunctional thoughts [Source 1]. Cognitive-behavioral therapy aims to change cognitive distortions and self-defeating behaviors [Source 1]. Humanistic therapy focuses on helping people achieve their potential, with one form being client-centered or Rogerian therapy, which uses techniques such as active listening, unconditional positive regard, genuineness, and empathy [Source 1]. Additionally, other forms of therapy include rational emotive therapy (RET), couples therapy, family therapy, group therapy, and individual therapy [Source 3].",[Source 1] | Chapter: Therapy and Treatment | Section: 16.2 | Title: Types of Treatment || [Source 3] | Chapter: Therapy and Treatment | Section: 16.5 | Title: The Sociocultural Model and Therapy Utilization
41,What is the role of neurotransmitters in mental health?,"Neurotransmitters play a crucial role in mental health, as imbalances in certain neurotransmitters have been linked to various psychological disorders. For example, people with mood disorders often have imbalances in neurotransmitters such as norepinephrine and serotonin [Source 1]. These neurotransmitters are important regulators of bodily functions that are disrupted in mood disorders, including appetite, sex drive, sleep, arousal, and mood. Medications that are used to treat major depressive disorder typically boost serotonin and norepinephrine activity [Source 1]. Additionally, neurotransmitters such as epinephrine, dopamine, serotonin, glutamate, and acetylcholine are involved in the process of memory, and communication among neurons via neurotransmitters is critical for developing new memories [Source 2]. Furthermore, strong emotions can trigger the release of neurotransmitters, which strengthen memory, and weaker emotional experiences form weaker memories [Source 2]. In the context of mental health, psychotropic drugs are prescribed to bring neurotransmitters back into balance, and they can act either as agonists or as antagonists for a given neurotransmitter system [Source 3].",[Source 1] | Chapter: Psychological Disorders | Section: 15.7 | Title: Mood and Related Disorders || [Source 2] | Chapter: Memory | Section: 8.2 | Title: Parts of the Brain Involved with Memory || [Source 3] | Chapter: Biopsychology | Section: 3.2 | Title: Cells of the Nervous System
42,What are major themes in industrial-organizational psychology?,"Industrial-Organizational psychology (I-O psychology) is a subfield of psychology that applies psychological theories, principles, and research findings in industrial and organizational settings. Major themes in I-O psychology include personnel management, organizational structure, and workplace environment [Source 1]. I-O psychologists are often involved in designing performance-appraisal systems for organizations, which are designed to evaluate whether each employee is performing satisfactorily [Source 2]. The field of I-O psychology can be divided into three broad areas: industrial, organizational, and human factors [Source 3]. Industrial psychology is concerned with describing job requirements and assessing individuals for their ability to meet those requirements [Source 3]. Organizational psychology is a discipline interested in how the relationships among employees affect those employees and the performance of a business [Source 3]. Human factors psychology is the study of how workers interact with the tools of work and how to design those tools to optimize workers' productivity, safety, and health [Source 3].",[Source 1] | Chapter: Introduction to Psychology | Section: 1.3 | Title: Contemporary Psychology || [Source 2] | Chapter: Industrial-Organizatimonal Psychology | Section: 13.2 | Title: Industrial Psychology: Selecting and Evaluating Employees || [Source 3] | Chapter: Industrial-Organizatimonal Psychology | Section: 13.1 | Title: What Is Industrial and Organizational Psychology?
43,What is the role of social norms in behavior?,"Social norms play a significant role in shaping behavior as they define what is expected and acceptable behavior for individuals in a specific role or group [Source 1]. Social norms dictate how individuals are supposed to behave and think, influencing their actions and decisions [Source 2]. They provide a shared cultural knowledge of what is appropriate behavior in a given situation, guiding individuals on how to act, what to talk about, and what to wear [Source 2].",[Source 1] | Chapter: Social Psychology | Section: 12.2 | Title: Self-presentation || [Source 2] | Chapter: Social Psychology | Section: 12.2 | Title: Self-presentation
44,What is the difference between prejudice and discrimination?,"Prejudice and discrimination are related but distinct concepts in social psychology. Prejudice refers to a negative attitude and feeling toward an individual based solely on one's membership in a particular social group [Source 1]. On the other hand, discrimination is negative action toward an individual as a result of one's membership in a particular group [Source 1]. In other words, prejudice is an attitude or feeling, while discrimination is a behavior or action that results from that attitude. For example, having a negative attitude toward people who are not born in the United States is an example of prejudice, while excluding older adults from one's circle of friends due to a negative stereotype is an example of discrimination [Source 1].",[Source 1] | Chapter: Social Psychology | Section: 12.5 | Title: Prejudice and Discrimination
45,What are key takeaways from the Brown v. Board of Education research?,"The Brown v. Board of Education research highlighted issues related to education in segregated versus integrated schools, and ultimately, the work was very influential in the landmark Supreme Court ruling that segregation of public schools was unconstitutional [Source 1]. The research was conducted by Inez Beverly Prosser, who was the first African American woman to receive a PhD in psychology [Source 1].",[Source 1] | Chapter: Psychological Research | Section: 2.1 | Title: Why Is Research Important?
46,What is the scientific process of hypothesis testing?,"The scientific process of hypothesis testing involves deriving hypotheses from theories and then testing those hypotheses. If the results are consistent with the theory, then the theory is supported. If the results are not consistent, then the theory should be modified and new hypotheses will be generated [Source 1]. This process involves both deductive and inductive reasoning. Deductive reasoning starts with a generalization that is tested against real-world observations, while inductive reasoning uses empirical observations to construct broad generalizations [Source 1]. A scientific hypothesis is also falsifiable, or capable of being shown to be incorrect [Source 1].",[Source 1] | Chapter: Psychological Research | Section: 2.1 | Title: Why Is Research Important?
47,What are applications of psychology in education?,"Applications of psychology in education include serving as school psychologists, working in human resource departments, and teaching in high schools [Source 1]. Additionally, psychology is used in behavioral and cognitive-behavioral therapy, and behavior modification is commonly used in classroom settings [Source 2].",[Source 1] | Chapter: Introduction to Psychology | Section: 1.4 | Title: Careers in Psychology || [Source 2] | Chapter: Introduction to Psychology | Section: 1.2 | Title: History of Psychology
48,What is the difference between mood disorders and personality disorders?,"Mood disorders and personality disorders are two distinct categories of psychological disorders. Mood disorders are characterized by severe disturbances in mood and emotions, such as depressive disorders and bipolar and related disorders [Source 1]. On the other hand, personality disorders are characterized by an inflexible and pervasive personality style that differs markedly from the expectations of one's culture and causes distress and impairment [Source 2]. While mood disorders primarily affect a person's emotional state, personality disorders affect a person's overall personality and behavior. For example, bipolar disorder is a mood disorder characterized by mood states that vacillate between depression and mania [Source 1], whereas borderline personality disorder is a personality disorder characterized by instability in interpersonal relationships, self-image, and mood, as well as impulsivity [Source 2].",[Source 1] | Chapter: Psychological Disorders | Section: 15.7 | Title: Mood and Related Disorders || [Source 2] | Chapter: Psychological Disorders | Section: 15.11 | Title: Personality Disorders
49,What is the impact of cultural diversity on psychological research?,"Cultural diversity has a significant impact on psychological research. Researchers have found that certain populations have been over-studied and the results of these studies have been wrongly applied to other populations [Source 1]. For example, Henrich, Heine, and Norenzayan (2010) found that there are many differences between people in WEIRD (western, educated, industrialized, rich, and democratic) societies and people in less industrialized, less urban, and non-Western societies [Source 1]. These differences occur in a variety of areas, including perception, cooperation, and moral reasoning. Multicultural psychologists develop theories and conduct research with diverse populations, typically within one country, while cross-cultural psychologists compare populations across countries [Source 1]. Additionally, cultural diversity affects the way people perceive and understand personality traits, with Western ideas about personality not being applicable to other cultures [Source 3].",[Source 1] | Chapter: Introduction to Psychology | Section: 1.2 | Title: History of Psychology || [Source 3] | Chapter: Personality | Section: 11.8 | Title: Cultural Understandings of Personality
50,What is the role of critical thinking in psychology?,"Critical thinking plays a crucial role in psychology as it enables students to actively apply a set of skills to information for understanding and evaluation. This involves maintaining an attitude of skepticism, recognizing internal biases, making use of logical thinking, asking appropriate questions, and making observations [Source 1]. Critical thinking is essential in a world full of competing 'facts,' many of which are designed to be misleading. By developing critical thinking skills, psychology students can increase their scientific literacy and prepare themselves to critically evaluate the various sources of information they encounter [Source 1].",[Source 1] | Chapter: Introduction to Psychology | Section: 1.1 | Title: What Is Psychology?
